{"cameraMode":{"drawMode":0,"name":"Shaded","section":"Shading Mode"},"sceneLighting":false,"audioPlay":false,"sceneViewState":{"m_AlwaysRefresh":false,"showFog":true,"showSkybox":false,"showFlares":true,"showImageEffects":true,"showParticleSystems":true,"showVisualEffectGraphs":true,"m_FxEnabled":true},"in2DMode":false,"pivot":{"x":0.0042732954025268559,"y":-0.01345515251159668,"z":0.9888192415237427},"rotation":{"x":-0.09958219528198242,"y":0.41509637236595156,"z":-0.04577156528830528,"w":-0.903236448764801},"size":1.9347729682922364,"orthographic":false}