{"cameraMode":{"drawMode":0,"name":"Shaded","section":"Shading Mode"},"sceneLighting":false,"audioPlay":false,"sceneViewState":{"m_AlwaysRefresh":false,"showFog":true,"showSkybox":false,"showFlares":true,"showImageEffects":true,"showParticleSystems":true,"showVisualEffectGraphs":true,"m_FxEnabled":true},"in2DMode":false,"pivot":{"x":0.020036160945892335,"y":0.31354355812072756,"z":-0.10741952061653137},"rotation":{"x":-0.09958219528198242,"y":0.41509637236595156,"z":-0.04577156528830528,"w":-0.903236448764801},"size":0.7801948189735413,"orthographic":false}