{"cameraMode":{"drawMode":0,"name":"Shaded","section":"Shading Mode"},"sceneLighting":true,"audioPlay":false,"sceneViewState":{"m_AlwaysRefresh":false,"showFog":true,"showSkybox":true,"showFlares":true,"showImageEffects":true,"showParticleSystems":true,"showVisualEffectGraphs":true,"m_FxEnabled":true},"in2DMode":false,"pivot":{"x":0.6948977112770081,"y":2.5453667640686037,"z":-6.551361083984375},"rotation":{"x":-0.03227679431438446,"y":-0.49542370438575747,"z":-0.018460305407643319,"w":0.8679117560386658},"size":3.8616881370544435,"orthographic":false}