{"cameraMode":{"drawMode":0,"name":"Shaded","section":"Shading Mode"},"sceneLighting":true,"audioPlay":false,"sceneViewState":{"m_AlwaysRefresh":false,"showFog":true,"showSkybox":true,"showFlares":true,"showImageEffects":true,"showParticleSystems":true,"showVisualEffectGraphs":true,"m_FxEnabled":true},"in2DMode":false,"pivot":{"x":-2.884610414505005,"y":6.719679832458496,"z":-7.096306324005127},"rotation":{"x":-0.001795622636564076,"y":0.1289299577474594,"z":-0.00022730317141395062,"w":-0.9917169809341431},"size":8.827524185180664,"orthographic":false}